s5_number	s5_proteins	s5_avg_spearman	s5_size	avg_spearman_random	significant	large	stage	s5_essentiality	unique between stages	unique within stage
31	{'A0A5K1K967', 'C6KSV2', 'Q8IL48', 'C6KTA3'}	0.8584564860426928	4	0.4019229157131302	True	True	5	0.5	True	True
15	{'Q8IEQ1', 'Q8IJM0', 'Q8I5M9', 'Q8IAR6', 'Q8IKH3', 'Q8ILE3', 'Q8I1V1', 'Q8IC05'}	0.7862244897959181	8	0.3906605414324668	True	True	5	0.625	True	True
40	{'Q8I3Q7', 'C0H4W2', 'Q8IIT3', 'Q8I5V6'}	0.7723316912972084	4	0.4136907451589616	True	True	5	0.25	True	True
19	{'Q8IM66', 'A0A143ZY58', 'Q8IKH3', 'Q8I1S0'}	0.7564860426929391	4	0.3956408643767976	True	True	5	0.5	True	True
44	{'Q8IJ56', 'Q8ILP3', 'Q8I2G1', 'Q8I544'}	0.7038107939934141	4	0.3697011645105118	True	True	5	0.0	True	True
6	{'Q8ILG6', 'Q8II80', 'Q8I2X4', 'Q8I3I6'}	0.6439244663382594	4	0.4016801943471328	True	True	5	0.75	True	True
33	{'Q8IB60', 'O96221', 'Q8I5B3', 'Q8I5L6', 'Q8ILX1', 'Q8I1S0'}	0.6438752052545155	6	0.3959341169376114	True	True	5	0.8333333333333334	True	True
32	{'C6KT09', 'C6S3G2', 'O96252', 'Q8I3N3'}	0.6178160919540229	4	0.384845564474457	True	True	5	0.75	True	True
